Name;Benutzer;PLZ Ort;Strasse Nr;E-Mail-Adresse;Handynummer;Länderwahl;Geburtstag
Mr. Stefan Kuhn;Swuzzin;5163 BRANDSTÄTT;Untere Donaulände 97;StefanKuhn@fleckens.hu;0660 171 39 14;43;8/15/1999
Mr. Benjamin Frueh;Johns1948;9813 PATTENDORF;Mattersburger Strasse 83;BenjaminFrueh@dayrep.com;0699 354 08 85;43;10/24/1948
Mrs. Yvonne Osterhagen;Aloyard;4552 MAISDORF;Wiener Strasse 87;YvonneOsterhagen@gustr.com;0688 894 32 41;43;5/25/1963
Mrs. Marie Zimmermann;Donsporbets;4210 UNTERWEITRAG;Schönaugasse 45;MarieZimmermann@armyspy.com;0699 659 88 24;43;01.01.1974
Mr. Jonas Maur;Popes1960;8670 FEISTRITZBERG;Waldstrasse 79;JonasMaur@cuvox.de;0699 123 46 91;43;10.04.1960
Mrs. Kathrin Dresner;Hounch;6534 SERFAUS;Wurmbrandgasse 43;KathrinDresner@einrot.com;0660 862 06 15;43;10/15/1941
Ms. Sabrina Bosch;Fectionce;2112 WÜRNITZ;Hausergasse 80;SabrinaBosch@gustr.com;0688 372 43 40;43;04.03.1956
Mr. Frank Mueller;Hationizing;8793 TÖLLACH;Neutorstrasse 77;FrankMueller@einrot.com;0676 749 16 22;43;5/27/1951
Mrs. Doreen Schultheiss;Crostimare;9123 UNTERNARRACH;Löwenzahnstrasse 21;DoreenSchultheiss@jourrapide.com;0681 947 34 86;43;12/24/1936
Ms. Johanna Drechsler;Lizes1959;9900 ZAUCHE;Litzelhofenstrasse 49;JohannaDrechsler@gustr.com;0688 900 14 68;43;06.04.1959
Mr. Benjamin Kastner;Rensell;4240 MITTERREITH;Pfarrgasse 95;BenjaminKastner@dayrep.com;0681 373 16 72;43;2/29/1976
Mr. Ulrich Kastner;Coves1959;4661 WATZING;Bachloh 90;UlrichKastner@rhyta.com;0699 738 69 39;43;8/17/1959
Mr. Dirk Moeller;Epaid1942;3920 KLEINWETZLES;Kelsenstrasse 49;DirkMoeller@einrot.com;0660 393 66 72;43;2/21/1942
Mrs. Daniela Bar;Stifer;9560 AICH;Weihburggasse 68;DanielaBar@jourrapide.com;0688 458 50 21;43;8/30/1976
Mr. Maximilian Weiß;Purvile89;3454 EGGENDORF;Druckereistrasse 32;MaximilianWeiss@armyspy.com;0660 406 08 08;43;03.09.1989
Mrs. Sabine Kuester;Exciaming;5550 HÖGGEN;Lustenauer Strasse 93;SabineKuester@armyspy.com;0664 644 86 80;43;8/31/1938
Mrs. Sabine Foerster;Thic1934;4910 DUNZING;Bahnhofstrasse 86;SabineFoerster@dayrep.com;0688 443 31 84;43;5/22/1934
Mr. Daniel Zweig;Duce1996;4690 BERGERN;Hainbuchen 27;DanielZweig@einrot.com;0660 731 25 54;43;9/15/1996
Mr. Paul Kaufmann;Thounater;3872 KIENSASS;Brünner Strasse 73;PaulKaufmann@dayrep.com;0681 240 65 27;43;01.06.1996
Mrs. Yvonne Ebersbach;Nakenceral;7501 EISENZICKEN;Lahof 57;YvonneEbersbach@einrot.com;0680 324 71 33;43;01.03.1995
Mrs. Stephanie Mehler;Sever1984;5733 HABACH;Karlauer Gürtel 65;StephanieMehler@teleworm.us;0660 397 75 17;43;10/14/1984
Ms. Anna Abend;Voincle;6182 SIGMUND;Zeppelinstrasse 34;AnnaAbend@dayrep.com;0681 125 19 37;43;01.03.1996
Ms. Sophia Schwab;Paligar;3611 WOLFENREITH;Mariatal 62;SophiaSchwab@rhyta.com;0660 905 96 18;43;12/22/1937
Mrs. Uta Holzman;Thares;3107 FLINSDORF;Grössgstötten 62;UtaHolzman@gustr.com;0681 192 72 93;43;8/16/1943
Mr. René Traugott;Infur1997;4774 HACKENBUCH;Alte Poststrasse 99;ReneTraugott@armyspy.com;0650 887 51 39;43;02.04.1997
Mrs. Julia Barth;Tionewhapt1976;3161 SCHWARZENBACH;Silvrettastrasse 71;JuliaBarth@teleworm.us;0676 607 26 15;43;11/19/1976
Ms. Sabrina Muller;Harmang;8144 HAUTZENDORF;Lendplatz 97;SabrinaMuller@teleworm.us;0688 405 08 46;43;09.12.1949
Ms. Julia Theiss;Prionese;3572 ST.LEONHARD;Schmiedsberg 21;JuliaTheiss@superrito.com;0650 154 46 16;43;05.12.1987
Ms. Christin Winkel;Coutionizies;4170 GMAIN;Bayerhamerstrasse 88;ChristinWinkel@jourrapide.com;0681 578 98 08;43;7/31/1976
Ms. Simone Gloeckner;Maiduc;9805 SCHÜTTBACH;Grazer Bundesstrasse 90;SimoneGloeckner@einrot.com;0664 392 22 21;43;5/24/1993
Mr. Niklas Wirth;Worgarthe;4084 HANGING;Grazer Strasse 98;NiklasWirth@cuvox.de;0688 863 06 15;43;02.09.1954
Mr. Tim Pfeifer;Agrad1978;4652 ATZMANNSDORF;Archkogl 2;TimPfeifer@dayrep.com;0664 166 32 01;43;08.05.1978
Mr. Tobias Kalb;Preal1961;4282 NIEDERHOFSTETTEN;Baumgarten 35;TobiasKalb@rhyta.com;0688 283 64 06;43;5/22/1961
Mr. Maximilian Krause;Youpe1993;8113 SÖDINGBERG;Kimpling 22;MaximilianKrause@cuvox.de;0688 393 98 91;43;05.05.1993
Ms. Jennifer Koehler;Wentiont;8411 MATZELSDORF;Falkstrasse 81;JenniferKoehler@superrito.com;0699 684 34 33;43;8/15/1971
Mrs. Michelle Gaertner;Boday1967;3386 WEINZIERL;Wachaustrasse 86;MichelleGaertner@superrito.com;0688 789 09 57;43;05.04.1967
Mrs. Kathrin Lange;Noblithated;8061 DIEPOLTSBERG;Feldham 67;KathrinLange@cuvox.de;0660 233 63 54;43;2/16/1992
Mr. Phillipp Freitag;Prowenties;8693 MÜRZSTEG;Galgenau 38;PhillippFreitag@einrot.com;0660 320 36 58;43;04.11.1962
Mr. Ralf Schweizer;Romenhaving;8152 HAUSDORF;Lendplatz 90;RalfSchweizer@rhyta.com;0680 469 76 90;43;03.07.1977
Mr. Dennis Vogt;Gooks2000;9722 PUCH;Hauptstrasse 15;DennisVogt@gustr.com;0681 999 18 00;43;10.02.2000
Mrs. Janina Oster;Turk1970;4731 SALLMANNSBERG;Holzstrasse 75;JaninaOster@einrot.com;0664 389 15 57;43;12/25/1970
Mr. Dirk Eichmann;Depud1951;3542 GFÖHL;Enzersdorfer Strasse 7;DirkEichmann@fleckens.hu;0688 881 54 39;43;2/25/1951
Mrs. Simone Kappel;Trablis;3393 ZELKING;Litzelhofenstrasse 31;SimoneKappel@teleworm.us;0650 689 07 24;43;09.12.1981
Ms. Janina Grunwald;Wingthe40;4101 GERLING;Enzersdorfer Strasse 4;JaninaGrunwald@jourrapide.com;0688 238 99 30;43;04.06.1940
Ms. Katrin Pfeifer;Samightme;3522 SCHEUTZ;Aspernstrasse 72;KatrinPfeifer@fleckens.hu;0688 185 02 98;43;09.06.1988
Mrs. Sarah Feierabend;Morel1999;4730 HUEB;Wiedner Hauptstrasse 87;SarahFeierabend@gustr.com;0681 583 95 57;43;10.03.1999
Mr. Swen Moeller;Oncenininkin;8047 KAINBACH;Simmeringer Hauptstrasse 75;SwenMoeller@einrot.com;0699 780 50 53;43;04.10.1982
Mr. Robert Kunze;Shunnothe;2640 TACHENBERG;Lettental 46;RobertKunze@fleckens.hu;0699 308 13 97;43;11/18/1944
Ms. Maria Keller;Crichown1983;8052 STEINBERG;Alpenstrasse 55;MariaKeller@dayrep.com;0699 821 26 99;43;06.07.1983
Mr. Frank Pfeiffer;Gence1993;3040 ANZING;Sonnberg 2;FrankPfeiffer@gustr.com;0688 851 38 87;43;10/18/1993
Mr. Marcel Bach;Oblie1992;4362 NEUAIGEN;Welser Strasse 98;MarcelBach@teleworm.us;0676 977 10 77;43;06.12.1992
Ms. Jana Aachen;Whostell;2486 SIEGERSDORF;Wiehtestrasse 77;JanaAachen@superrito.com;0681 395 99 93;43;2/27/1997
Mrs. Leah Goldschmidt;Suslefor;9951 GLANZ;Bayerhamerstrasse 30;LeahGoldschmidt@gustr.com;0664 569 26 45;43;12.10.1975
Mrs. Anna Fleischer;Anduce;5221 WICHENHAM;Floridusgasse 39;AnnaFleischer@cuvox.de;0650 400 26 28;43;08.03.1948
Mr. Alexander Junker;Thous1936;9300 HINTNAUSDORF;Glocknerstrasse 93;AlexanderJunker@jourrapide.com;0688 414 91 65;43;4/20/1936
Mr. Dieter Vogler;Woulles;4671 NEUKIRCHEN;Wassergasse 75;DieterVogler@rhyta.com;0699 900 09 31;43;7/29/1961
Mrs. Mandy Dresdner;Prady1936;4712 POLLESBACH;Schachterlweg 84;MandyDresdner@fleckens.hu;0676 286 78 76;43;12.02.1936
Mr. Maik Holtzmann;Subjectence;8621 ILGEN;Kuefsteinstrasse 20;MaikHoltzmann@fleckens.hu;0660 844 69 50;43;1/31/1937
Ms. Doreen Nagel;Pordinusband;4822 LASERN;Dieselstrasse 8;DoreenNagel@jourrapide.com;0688 938 74 03;43;07.03.1969
Mr. Patrick Weisz;Shunt1977;2630 PUTZMANNSDORF;Ybbsstrasse 76;PatrickWeisz@einrot.com;0650 103 20 01;43;06.10.1977
Ms. Jana Eichmann;Loiced;4902 ÖLDENBERG;Pertholzer Strasse 66;JanaEichmann@superrito.com;0660 222 92 72;43;07.11.1951
Dr. Sven Frei;Mingh1996;9556 ZOJACH;Schulgasse 41;SvenFrei@dayrep.com;0681 899 97 37;43;05.11.1996
Ms. Vanessa Gerste;Yourte;4925 GUTENSHAM;Karlauer Gürtel 19;VanessaGerste@superrito.com;0650 324 54 49;43;01.10.1974
Mrs. Daniela Hofmann;Tallay;4770 AUTZING;Linzer Strasse 76;DanielaHofmann@superrito.com;0681 998 72 33;43;10/25/1981
Mr. Matthias Wechsler;Greld1990;9112 ST.KOLLMANN;Schmiedsberg 30;MatthiasWechsler@gustr.com;0680 844 99 48;43;11/21/1990
Dr. Thorsten Zimmer;Romiliang;2620 ST.LORENZEN;Zeppelinstrasse 89;ThorstenZimmer@superrito.com;0664 415 06 35;43;06.01.1970
Mrs. Stephanie Meier;Niiis1982;5583 SCHELLGADEN;An Der Schütt 64;StephanieMeier@jourrapide.com;0681 501 65 58;43;12.07.1982
Mr. Peter Wulf;Wope1975;4880 BERG;Hainbuchen 98;PeterWulf@rhyta.com;0676 408 88 10;43;12.04.1975
Mr. Dominik Bumgarner;Beint1996;4650 NIEDERZEILING;Baumgarten 2;DominikBumgarner@armyspy.com;0699 122 16 58;43;3/14/1996
Mr. Wolfgang Rothschild;Feced1987;6143 ALTSTADT;Spiegelsberg 62;WolfgangRothschild@jourrapide.com;0688 922 52 25;43;07.05.1987
Mr. Mario Meyer;Dichat;9241 UMBERG;Straden 78;MarioMeyer@superrito.com;0650 479 55 36;43;3/16/1974
Ms. Klaudia Farber;Nossorend;8421 MATZELSDORF;Falkstrasse 70;KlaudiaFarber@dayrep.com;0680 789 00 90;43;10.07.1996
Mr. René Hoch;Allic1977;9342 KREUZBERG;Wagramer Strasse 80;ReneHoch@dayrep.com;0699 985 94 15;43;11/15/1977
Ms. Katharina Junker;Shimption;4972 ETTING;Landstrasse 63;KatharinaJunker@jourrapide.com;0650 783 53 23;43;4/24/1987
Mr. Jan Baecker;Thavence;3281 WILDENMAIERHOF;Ortsstrasse 49;JanBaecker@armyspy.com;0688 515 77 00;43;12/13/1983
Mr. Dirk Fleischer;Otham1951;7542 GERERSDORF;Enzersdorfer Strasse 40;DirkFleischer@teleworm.us;0680 841 93 12;43;07.10.1951
Mrs. Daniela Ackerman;Disid1934;9640 LANZ;Rossmarkt 71;DanielaAckerman@fleckens.hu;0664 362 07 55;43;10.11.1934
Ms. Katharina Daecher;Knellf;2444 SEIBERSDORF;Wurmbrandgasse 12;KatharinaDaecher@armyspy.com;0688 326 52 67;43;03.02.1981
Mrs. Nicole Kortig;Plefor1979;5221 SPRINZENBERG;Schmiedsberg 37;NicoleKortig@teleworm.us;0699 274 23 01;43;4/24/1979
Mrs. Anja Zimmermann;Himakinecity;4710 TOLLET;Neutorstrasse 28;AnjaZimmermann@jourrapide.com;0680 305 63 25;43;3/16/1955
Mrs. Nicole Meister;Howeenton;4204 REICHENAU;Ernstbrunner Strasse 67;NicoleMeister@teleworm.us;0699 175 05 40;43;05.09.1953
Ms. Lisa Gloeckner;Ughtmed;6344 WALCHSEE;Krummnussbaum Dub 74;LisaGloeckner@einrot.com;0664 648 19 64;43;10.09.1967
Ms. Yvonne Gottlieb;Sures1996;9113 DOBROWA;Peintnerstrasse 53;YvonneGottlieb@fleckens.hu;0688 862 77 90;43;1/14/1996
Mr. Lucas Freytag;Clont1946;8413 LAPPACH;Dieselstrasse 61;LucasFreytag@teleworm.us;0650 812 32 39;43;7/24/1946
Mrs. Nicole Gottlieb;Blene1984;4622 EGGENDORF;Druckereistrasse 14;NicoleGottlieb@rhyta.com;0681 892 82 34;43;11/30/1984
Mrs. Marie Wagner;Sandemnotim;9623 ST.PAUL;Zeppelinstrasse 12;MarieWagner@gustr.com;0699 392 66 98;43;9/29/1952
Mrs. Jana Bohm;Youlgron52;6173 OBERPERFUSS;Gewerbestrasse 49;JanaBohm@einrot.com;0680 140 08 75;43;07.05.1952
Mr. Marko Krüger;Washat;5760 NIEDERHAUS;Kornstrasse 56;MarkoKruger@gustr.com;0676 909 72 15;43;06.08.1993
Mr. Maximilian Schwartz;Norgarehe;8102 AMSTEIN;Spiegelsberg 96;MaximilianSchwartz@rhyta.com;0660 574 54 61;43;08.10.1990
Mr. Martin Brauer;Yountop;3944 LANGSCHWARZA;Rossmarkt 23;MartinBrauer@einrot.com;0650 430 68 37;43;12/24/1986
Ms. Julia Friedman;Wrimet;4924 BRANDSTATT;Untere Donaulände 13;JuliaFriedman@fleckens.hu;0680 504 13 72;43;03.10.1947
Mr. Thomas Bergmann;Handrey;2074 KLEINRIEDENTHAL;Hütteldorfer Strasse 46;ThomasBergmann@superrito.com;0650 259 51 51;43;5/17/1939
Ms. Christin Brauer;Eite1948;9412 AUEN;Kirchenplatz 18;ChristinBrauer@einrot.com;0664 297 58 66;43;12/15/1948
Mr. Stephan Fink;Witereckly;8863 PREDLITZ;Untere Hauptstrasse 71;StephanFink@fleckens.hu;0699 273 48 81;43;2/17/1993
Mrs. Gabriele Ziegler;Thavetind;5071 VIEHHAUSEN;Spittelwiese 32;GabrieleZiegler@armyspy.com;0680 957 54 34;43;3/19/1987
Ms. Antje Vogler;Usind1960;9451 OBERPREITENEGG;Gewerbestrasse 79;AntjeVogler@dayrep.com;0680 614 39 12;43;8/17/1960
Mrs. Martina Schröder;Cittecult;3473 MÜHLBACH;Markt 68;MartinaSchroder@gustr.com;0681 346 97 62;43;02.02.1962
Mr. Leon Schröder;Joatmettly;4741 GATTRING;Salzburger Strasse 51;LeonSchroder@superrito.com;0681 290 94 42;43;11.02.1993
Mrs. Julia Egger;Lisell;9470 WINDISCH;Neuhofer Strasse 9;JuliaEgger@rhyta.com;0699 217 33 56;43;02.09.1970
Mr. Marko Ritter;Decterral;2451 HOF;Magdalenaweg 86;MarkoRitter@superrito.com;0676 749 47 68;43;9/23/1954
